

{   
	"id":"1234",
    "details": {
        "title": "Need help with R2D2 configuration - new for testinng",
        "priority": "VeryHigh",
        "groups": [
            {
                "id": "1",
                "name": "Support"
            }
        ],
        "description": "Case description goes here along with somemore text and content.",
        "assignee": "Mark R Hamillton",
        "language": "English",
        "labels": [
            "label1",
            "label2"
        ],
        "custom_fields": [
            {
                "field_name": "BugID",
                "field_type": "String",
                "field_value": "value",
                "field_list": [
                    "item1",
                    "item2",
                    "item3"
                ],
                "field_default": ""
            }
        ],
        "direct_link": "http: //starship.eserve.com/lkjeyz",
        "due_date": "April01,2013",
        "status": "Pending",
        "total_duration": "55d54m",
        "channelInfo": {
           "id":"1",
           "name":"twitter | facebook |..",
           "photo":"img/twitter.png"
           
        },
        "macros": [
            "macro1",
            "macro2"
        ],
        "options": [
            "caseoptions1",
            "caseoptions2"
        ]
    },
    "customerInfo" :{

	  "id":"1",
	  "name":"Kenny Baker",
	  "photo":"path/to/filename.png",
	  "company":{

            "id":"1",
            "name":"Astromech Automation Company, plc"

	  }
   },
   "agentInfo" :{

	  "id":"1",
	  "name":"Mark R Hamillton",
	  "photo":"img/agent1.png"
	
   }
}