{
    "status": "success",
    "statusMessage": {
        "userId": "1",
        "settingGroups": [
            {
                "id": 3,
                "groupName": "Email about my jobs",
                "settings": [
                    {
                        "id": 7,
                        "settingDescription": "\nIf I post a job, notify me of incoming proposals",
                        "settingType": "checkbox",
                        "userHasSettingId": 26,
                        "settingHasChoices": [
                            {
                                "id": 27,
                                "choice": "Immediately",
                                "userSettingHasChoiceId": 12,
                                "status": 1,
                                "isDefault": 0
                            },
                            {
                                "id": 28,
                                "choice": "Daily",
                                "userSettingHasChoiceId": 0,
                                "status": 0,
                                "isDefault": 0
                            }
                        ],
                        "status": 1,
                        "isDefault": 0
                    },
                    {
                        "id": 8,
                        "settingDescription": "Confirmation of Workroom messages sent ",
                        "settingType": "checkbox",
                        "userHasSettingId": 0,
                        "settingHasChoices": [],
                        "status": 0,
                        "isDefault": 0
                    },
                    {
                        "id": 12,
                        "settingDescription": "Weekly Status Report reminder  ",
                        "settingType": "checkbox",
                        "userHasSettingId": 0,
                        "settingHasChoices": [],
                        "status": 0,
                        "isDefault": 1
                    },
                    {
                        "id": 13,
                        "settingDescription": " Email me a digest of my freelancer's activity",
                        "settingType": "checkbox",
                        "userHasSettingId": 0,
                        "settingHasChoices": [],
                        "status": 0,
                        "isDefault": 0
                    },
                    {
                        "id": 27,
                        "settingDescription": "Send an email for each Workroom Message ",
                        "settingType": "checkbox",
                        "userHasSettingId": 0,
                        "settingHasChoices": [],
                        "status": 0,
                        "isDefault": 1
                    },
                    {
                        "id": 28,
                        "settingDescription": "Daily digest of all messages",
                        "settingType": "checkbox",
                        "userHasSettingId": 0,
                        "settingHasChoices": [],
                        "status": 0,
                        "isDefault": 0
                    }
                ]
            },
            {
                "id": 4,
                "groupName": "Others related notification",
                "settings": [
                    {
                        "id": 4,
                        "settingDescription": "User information like address, email",
                        "settingType": "checkbox",
                        "userHasSettingId": 5,
                        "settingHasChoices": [
                            {
                                "id": 1,
                                "choice": "Eserve",
                                "userSettingHasChoiceId": 2,
                                "status": 1,
                                "isDefault": 1
                            }
                        ],
                        "status": 1,
                        "isDefault": 0
                    },
                    {
                        "id": 16,
                        "settingDescription": " Important Account Notifications",
                        "settingType": "checkbox",
                        "userHasSettingId": 0,
                        "settingHasChoices": [],
                        "status": 0,
                        "isDefault": 1
                    },
                    {
                        "id": 17,
                        "settingDescription": " Eserve Newsletter ",
                        "settingType": "checkbox",
                        "userHasSettingId": 0,
                        "settingHasChoices": [],
                        "status": 0,
                        "isDefault": 0
                    },
                    {
                        "id": 18,
                        "settingDescription": "Special Promotions and Offers ",
                        "settingType": "checkbox",
                        "userHasSettingId": 0,
                        "settingHasChoices": [],
                        "status": 0,
                        "isDefault": 1
                    },
                    {
                        "id": 19,
                        "settingDescription": "Surveys ",
                        "settingType": "checkbox",
                        "userHasSettingId": 0,
                        "settingHasChoices": [],
                        "status": 0,
                        "isDefault": 1
                    }
                ]
            },
            {
                "id": 10,
                "groupName": "Email about job opportunities",
                "settings": [
                    {
                        "id": 9,
                        "settingDescription": "Invites from prospective clients ",
                        "settingType": "checkbox",
                        "userHasSettingId": 0,
                        "settingHasChoices": [],
                        "status": 0,
                        "isDefault": 1
                    },
                    {
                        "id": 10,
                        "settingDescription": "Send recommended jobs",
                        "settingType": "checkbox",
                        "userHasSettingId": 0,
                        "settingHasChoices": [],
                        "status": 0,
                        "isDefault": 1
                    },
                    {
                        "id": 11,
                        "settingDescription": "Send me saved job searches ",
                        "settingType": "checkbox",
                        "userHasSettingId": 0,
                        "settingHasChoices": [],
                        "status": 0,
                        "isDefault": 1
                    }
                ]
            }
        ]
    }
}