{
    "status": "success",
    "statusMessage": {
        "userId": "1",
        "settingGroups": [
            {
                "id": 16,
                "groupName": "Client Criteria",
                "settings": [
                    {
                        "id": 21,
                        "settingDescription": "Payment Verification & History",
                        "settingType": "checkbox",
                        "userHasSettingId": 0,
                        "settingHasChoices": [
                            {
                                "id": 14,
                                "choice": "Any",
                                "userSettingHasChoiceId": 0,
                                "status": 0,
                                "isDefault": 0
                            }
                        ],
                        "status": 0,
                        "isDefault": 0
                    }
                ]
            },
            {
                "id": 17,
                "groupName": "Job Criteria",
                "settings": [
                    {
                        "id": 22,
                        "settingDescription": "Hourly Jobs",
                        "settingType": "checkbox",
                        "userHasSettingId": 0,
                        "settingHasChoices": [
                            {
                                "id": 15,
                                "choice": "Any",
                                "userSettingHasChoiceId": 0,
                                "status": 0,
                                "isDefault": 0
                            }
                        ],
                        "status": 0,
                        "isDefault": 0
                    },
                    {
                        "id": 23,
                        "settingDescription": "Fixed Price Jobs",
                        "settingType": "checkbox",
                        "userHasSettingId": 0,
                        "settingHasChoices": [
                            {
                                "id": 16,
                                "choice": "Any",
                                "userSettingHasChoiceId": 0,
                                "status": 0,
                                "isDefault": 0
                            }
                        ],
                        "status": 0,
                        "isDefault": 0
                    }
                ]
            }
        ]
    }
}