{
    "status": "success",
    "statusMessage": {
        "userId": "1",
        "settingGroups": [
            {
                "id": 23,
                "groupName": "1099 Information",
                "settings": [
                    {
                        "id": 32,
                        "settingDescription": "Please select the option below:",
                        "settingType": "checkbox",
                        "userHasSettingId": 0,
                        "settingHasChoices": [
                            {
                                "id": 12,
                                "choice": "Yes, please file the 1099 tax form on my behalf (You must be a U.S. taxpayer.)",
                                "userSettingHasChoiceId": 0,
                                "status": 0,
                                "isDefault": 0
                            },
                            {
                                "id": 13,
                                "choice": "No, do not file 1099 tax form on my behalf.",
                                "userSettingHasChoiceId": 0,
                                "status": 0,
                                "isDefault": 1
                            },
                            {
                                "id": 18,
                                "choice": "No, I am not currently available.",
                                "userSettingHasChoiceId": 0,
                                "status": 0,
                                "isDefault": 0
                            }
                        ],
                        "status": 0,
                        "isDefault": 0
                    }
                ]
            }
        ]
    }
}