{
    "status": "success",
    "statusMessage": {
        "userId": "1",
        "settingGroups": [
            {
                "id": 24,
                "groupName": "W-9 Information",
                "settings": [
                    {
                        "id": 33,
                        "settingDescription": "\nPlease indicate whether you are a U.S. person (see side bar for explanation). If YES, enter W-9 info.",
                        "settingType": "radio",
                        "userHasSettingId": 0,
                        "settingHasChoices": [
                            {
                                "id": 10,
                                "choice": "\nI am a U.S. person, or I will perform my jobs within the U.S. or its possessions",
                                "userSettingHasChoiceId": 0,
                                "status": 0,
                                "isDefault": 0
                            },
                            {
                                "id": 11,
                                "choice": "I am not a U.S. person and I will not perform my jobs within the U.S. or its possessions.\n",
                                "userSettingHasChoiceId": 0,
                                "status": 0,
                                "isDefault": 1
                            }
                        ],
                        "status": 0,
                        "isDefault": 0
                    }
                ]
            }
        ]
    }
}