{
    "status": "success",
    "statusMessage": {
        "userId": "1",
        "settingGroups": [
            {
                "id": 25,
                "groupName": "Chat Presence",
                "settings": [
                    {
                        "id": 34,
                        "settingDescription": "Default status when I login to Elance should be:",
                        "settingType": "radio",
                        "userHasSettingId": 0,
                        "settingHasChoices": [
                            {
                                "id": 6,
                                "choice": "Available for chat",
                                "userSettingHasChoiceId": 0,
                                "status": 0,
                                "isDefault": 1
                            },
                            {
                                "id": 7,
                                "choice": "Invisible",
                                "userSettingHasChoiceId": 0,
                                "status": 0,
                                "isDefault": 0
                            }
                        ],
                        "status": 0,
                        "isDefault": 1
                    }
                ]
            }
        ]
    }
}