{
    "status": "success",
    "statusMessage": {
        "userId": "1",
        "settingGroups": [
            {
                "id": 18,
                "groupName": "Facebook",
                "settings": []
            },
            {
                "id": 19,
                "groupName": "LinkedIn",
                "settings": []
            },
            {
                "id": 26,
                "groupName": "Social Media Links",
                "settings": [
                    {
                        "id": 35,
                        "settingDescription": "Manage how you use your social network accounts to login to Elance.",
                        "settingType": "button",
                        "userHasSettingId": 0,
                        "settingHasChoices": [
                            {
                                "id": 8,
                                "choice": "Facebook",
                                "userSettingHasChoiceId": 0,
                                "status": 0,
                                "isDefault": 0
                            },
                            {
                                "id": 9,
                                "choice": "LinkedIn",
                                "userSettingHasChoiceId": 0,
                                "status": 0,
                                "isDefault": 0
                            }
                        ],
                        "status": 0,
                        "isDefault": 0
                    }
                ]
            }
        ]
    }
}