{
    "status": "success",
    "statusMessage": {
        "userId": "1",
        "settingGroups": [
            {
                "id": 21,
                "groupName": "Hiring Rules",
                "settings": [
                    {
                        "id": 29,
                        "settingDescription": "Who can be hired?",
                        "settingType": "radio",
                        "userHasSettingId": 0,
                        "settingHasChoices": [
                            {
                                "id": 19,
                                "choice": "My account users can hire any freelancers on Eserve.",
                                "userSettingHasChoiceId": 0,
                                "status": 0,
                                "isDefault": 0
                            },
                            {
                                "id": 20,
                                "choice": "My account users can only hire freelancers from pre-approved Groups.",
                                "userSettingHasChoiceId": 0,
                                "status": 0,
                                "isDefault": 0
                            }
                        ],
                        "status": 0,
                        "isDefault": 1
                    }
                ]
            }
        ]
    }
}