{
    "status": "success",
    "statusMessage": {
        "userId": "1",
        "settingGroups": [
            {
                "id": 6,
                "groupName": "Manage privacy settings for client profile",
                "settings": [
                    {
                        "id": 6,
                        "settingDescription": "Eserve Billing and Payment system. It is required for legal invoices in most countries.",
                        "settingType": "checkbox",
                        "userHasSettingId": 2,
                        "settingHasChoices": [],
                        "status": 1,
                        "isDefault": 0
                    }
                ]
            },
            {
                "id": 13,
                "groupName": "Your Freelancer Profile",
                "settings": [
                    {
                        "id": 14,
                        "settingDescription": "Manage privacy settings for your freelancer profile on Eserve",
                        "settingType": "checkbox",
                        "userHasSettingId": 27,
                        "settingHasChoices": [
                            {
                                "id": 21,
                                "choice": "Do not show my freelancer profile in Eserve search results.",
                                "userSettingHasChoiceId": 0,
                                "status": 0,
                                "isDefault": 0
                            },
                            {
                                "id": 23,
                                "choice": "Do not index my Eserve freelancer profile in search engines (i.e., Google). ",
                                "userSettingHasChoiceId": 13,
                                "status": 1,
                                "isDefault": 0
                            },
                            {
                                "id": 24,
                                "choice": "Do not publicly display my earnings as a freelancer on Eserve (Only show to clients within proposals).",
                                "userSettingHasChoiceId": 16,
                                "status": 0,
                                "isDefault": 0
                            }
                        ],
                        "status": 1,
                        "isDefault": 0
                    }
                ]
            },
            {
                "id": 14,
                "groupName": "Your Client Profile",
                "settings": [
                   {
                        "id": 15,
                        "settingDescription": "Manage privacy settings for your client profile on Eserve",
                        "settingType": "checkbox",
                        "userHasSettingId": 0,
                        "settingHasChoices": [
                            {
                                "id": 25,
                                "choice": "Keep my Eserve activity private and do not show the following to the public:",
                                "userSettingHasChoiceId": 0,
                                "status": 0,
                                "isDefault": 0
                            },
                            {
                                "id": 26,
                                "choice": "Do not index my Elance client profile in search engine (i.e., Google). ",
                                "userSettingHasChoiceId": 0,
                                "status": 0,
                                "isDefault": 0
                            }
                        ],
                        "status": 0,
                        "isDefault": 0
                    }
                ]
            }
        ]
    }
}