{
    "status": "success",
    "statusMessage": {
        "userId": "1",
        "settingGroups": [
            {
                "id": 5,
                "groupName": "Time zones",
                "settings": [
                    {
                        "id": 3,
                        "settingDescription": "Select your own time zone and add additional time zones for your World Clock.",
                        "settingType": "checkbox",
                        "userHasSettingId": 0,
                        "settingHasChoices": [],
                        "status": 0,
                        "isDefault": 0
                    }
                ]
            },
            {
                "id": 27,
                "groupName": "Timezone",
                "settings": [
                    {
                        "id": 36,
                        "settingDescription": "Select your own time zone and add additional time zones for your World Clock. The World Clock is visible inside your workroom(s).",
                        "settingType": "checkbox",
                        "userHasSettingId": 0,
                        "settingHasChoices": [],
                        "status": 0,
                        "isDefault": 0
                    }
                ]
            }
        ]
    }
}