{
    "status": "success",
    "statusMessage": {
        "userId": "1",
        "settingGroups": [
            {
                "id": 1,
                "groupName": "User information",
                "settings": [
                    {
                        "id": 1,
                        "settingDescription": "Choose the types of messages you want to receive to your email address",
                        "settingType": "checkbox",
                        "userHasSettingId": 1,
                        "settingHasChoices": [
                            {
                                "id": 2,
                                "choice": "Email",
                                "userSettingHasChoiceId": 0,
                                "status": 0,
                                "isDefault": 0
                            },
                            {
                                "id": 3,
                                "choice": "Mobile number",
                                "userSettingHasChoiceId": 0,
                                "status": 0,
                                "isDefault": 0
                            }
                        ],
                        "status": 1,
                        "isDefault": 0
                    }
                ]
            },
            {
                "id": 2,
                "groupName": "Contact information",
                "settings": []
            }
        ]
    }
}