{
    "status": "success",
    "statusMessage": {
        "userId": "1",
        "settingGroups": [
            {
                "id": 7,
                "groupName": "Currency",
                "settings": [
                    {
                        "id": 5,
                        "settingDescription": "Select the currency preferences",
                        "settingType": "checkbox",
                        "userHasSettingId": 4,
                        "settingHasChoices": [],
                        "status": 1,
                        "isDefault": 0
                    },
                    {
                        "id": 30,
                        "settingDescription": "Select a currency preference:",
                        "settingType": "dropdownbox",
                        "userHasSettingId": 0,
                        "settingHasChoices": [],
                        "status": 0,
                        "isDefault": 0
                    }
                ]
            }
        ]
    }
}