{
    "status": "success",
    "statusMessage": {
        "userId": "1",
        "settingGroups": [
            {
                "id": 20,
                "groupName": "Startpage",
                "settings": [
                    {
                        "id": 26,
                        "settingDescription": "When I go to www.eserve.com, my start page should be:",
                        "settingType": "radio",
                        "userHasSettingId": 0,
                        "settingHasChoices": [
                            {
                                "id": 4,
                                "choice": "MyEserve",
                                "userSettingHasChoiceId": 0,
                                "status": 0,
                                "isDefault": 1
                            },
                            {
                                "id": 5,
                                "choice": "Inbox",
                                "userSettingHasChoiceId": 0,
                                "status": 0,
                                "isDefault": 0
                            }
                        ],
                        "status": 0,
                        "isDefault": 1
                    }
                ]
            }
        ]
    }
}