{
    "status": "success",
    "statusMessage": {
        "userId": "1",
        "settingGroups": [
            {
                "id": 15,
                "groupName": "Job Invites",
                "settings": [
                    {
                        "id": 20,
                        "settingDescription": "I want to receive invites from prospective clients.  ",
                        "settingType": "checkbox",
                        "userHasSettingId": 0,
                        "settingHasChoices": [],
                        "status": 0,
                        "isDefault": 1
                    }
                ]
            },
            {
                "id": 22,
                "groupName": "My Availability",
                "settings": [
                    {
                        "id": 31,
                        "settingDescription": "Set your availability to accept new work on Eserve",
                        "settingType": "checkbox",
                        "userHasSettingId": 0,
                        "settingHasChoices": [
                            {
                                "id": 17,
                                "choice": "Yes, I am available for new work on Eserve.",
                                "userSettingHasChoiceId": 0,
                                "status": 0,
                                "isDefault": 0
                            }
                        ],
                        "status": 0,
                        "isDefault": 1
                    }
                ]
            }
        ]
    }
}