{
    "status": "success",
    "statusMessage": [
        {
            "id": 1,
            "categoryName": "Notification Settings",
            "settingGroups": null
        },
        {
            "id": 2,
            "categoryName": "Privacy settings",
            "settingGroups": null
        },
        {
            "id": 3,
            "categoryName": "Time Zone & World clock",
            "settingGroups": null
        },
        {
            "id": 4,
            "categoryName": "My User Info",
            "settingGroups": null
        },
        {
            "id": 5,
            "categoryName": "Currency Settings",
            "settingGroups": null
        },
        {
            "id": 6,
            "categoryName": "Invoice & Tax Settings",
            "settingGroups": null
        },
        {
            "id": 7,
            "categoryName": "My User Info",
            "settingGroups": null
        },
        {
            "id": 8,
            "categoryName": "Start page",
            "settingGroups": null
        },
        {
            "id": 9,
            "categoryName": "My Availability",
            "settingGroups": null
        },
        {
            "id": 10,
            "categoryName": "Membership",
            "settingGroups": null
        },
        {
            "id": 11,
            "categoryName": "Client & Job Preferences",
            "settingGroups": null
        },
        {
            "id": 12,
            "categoryName": "1099 Information",
            "settingGroups": null
        },
        {
            "id": 13,
            "categoryName": "W-9 Information",
            "settingGroups": null
        },
        {
            "id": 14,
            "categoryName": "Chat Presence",
            "settingGroups": null
        },
        {
            "id": 15,
            "categoryName": "User Defined Fields",
            "settingGroups": null
        },
        {
            "id": 16,
            "categoryName": "Social Media Links",
            "settingGroups": null
        },
        {
            "id": 17,
            "categoryName": "Manage My Company Users",
            "settingGroups": null
        },
        {
            "id": 18,
            "categoryName": "Hiring Rules",
            "settingGroups": null
        }
    ]
}
