{
    "id": 0,
    "status": 0,
    "address": {
        "addressLine1": "Address 1",
        "addressLine2": "Address 2",
        "addressLine3": "Address 3",
        "country": {
            "id": "198",
            "countryName": "Country"
        },
        "state": {
            "id": "38",
            "stateName": "State"
        },
        "pinNo": "635 302"
    },
    "user": {
        "displayName": "Palanivel Rajendiran",
        "accountType": "1",
        "firstName": "Palanivel",
        "lastName": "Rajendiran",
        "gender": "M",
        "phoneNumber": {
            "countryCode": "",
            "number": "9916302610"
        }
    }
}