[
    {
        "name": "Afghanistan",
        "dial_code": "+93",
        "code": "AF",
        "id": 1
    },
    {
        "name": "Albania",
        "dial_code": "+355",
        "code": "AL",
        "id": 2
    },
    {
        "name": "Algeria",
        "dial_code": "+213",
        "code": "DZ",
        "id": 3
    },
    {
        "name": "Andorra",
        "dial_code": "+1 684",
        "code": "AS",
        "id": 4
    },
    {
        "name": "Angola",
        "dial_code": "+376",
        "code": "AD",
        "id": 5
    },
    {
        "name": "Antigua and Barbuda",
        "dial_code": "+244",
        "code": "AO",
        "id": 6
    },
    {
        "name": "Argentina",
        "dial_code": "+1 264",
        "code": "AI",
        "id": 7
    },
    {
        "name": "Armenia",
        "dial_code": "+1268",
        "code": "AG",
        "id": 8
    },
    {
        "name": "Aruba",
        "dial_code": "+54",
        "code": "AR",
        "id": 9
    },
    {
        "name": "Australia",
        "dial_code": "+374",
        "code": "AM",
        "id": 10
    },
    {
        "name": "Austria",
        "dial_code": "+297",
        "code": "AW",
        "id": 11
    },
    {
        "name": "Azerbaijan",
        "dial_code": "+61",
        "code": "AU",
        "id": 12
    },
    {
        "name": "Bahamas",
        "dial_code": "+43",
        "code": "AT",
        "id": 13
    },
    {
        "name": "Bahrain",
        "dial_code": "+994",
        "code": "AZ",
        "id": 14
    },
    {
        "name": "Bangladesh",
        "dial_code": "+1 242",
        "code": "BS",
        "id": 15
    },
    {
        "name": "Barbados",
        "dial_code": "+973",
        "code": "BH",
        "id": 16
    },
    {
        "name": "Belarus",
        "dial_code": "+880",
        "code": "BD",
        "id": 17
    },
    {
        "name": "Belgium",
        "dial_code": "+1 246",
        "code": "BB",
        "id": 18
    },
    {
        "name": "Belize",
        "dial_code": "+375",
        "code": "BY",
        "id": 19
    },
    {
        "name": "Benin",
        "dial_code": "+32",
        "code": "BE",
        "id": 20
    },
    {
        "name": "Bhutan",
        "dial_code": "+501",
        "code": "BZ",
        "id": 21
    },
    {
        "name": "Bolivia",
        "dial_code": "+229",
        "code": "BJ",
        "id": 22
    },
    {
        "name": "Bosnia and Herzegovina",
        "dial_code": "+1 441",
        "code": "BM",
        "id": 23
    },
    {
        "name": "Botswana",
        "dial_code": "+975",
        "code": "BT",
        "id": 24
    },
    {
        "name": "Brazil",
        "dial_code": "+387",
        "code": "BA",
        "id": 25
    },
    {
        "name": "Brunei",
        "dial_code": "+267",
        "code": "BW",
        "id": 26
    },
    {
        "name": "Bulgaria",
        "dial_code": "+55",
        "code": "BR",
        "id": 27
    },
    {
        "name": "Burkina Faso",
        "dial_code": "+246",
        "code": "IO",
        "id": 28
    },
    {
        "name": "Burma",
        "dial_code": "+359",
        "code": "BG",
        "id": 29
    },
    {
        "name": "Burundi",
        "dial_code": "+226",
        "code": "BF",
        "id": 30
    },
    {
        "name": "Cambodia",
        "dial_code": "+257",
        "code": "BI",
        "id": 31
    },
    {
        "name": "Cameroon",
        "dial_code": "+855",
        "code": "KH",
        "id": 32
    },
    {
        "name": "Canada",
        "dial_code": "+237",
        "code": "CM",
        "id": 33
    },
    {
        "name": "Cape Verde",
        "dial_code": "+1",
        "code": "CA",
        "id": 34
    },
    {
        "name": "Central African Republic",
        "dial_code": "+238",
        "code": "CV",
        "id": 35
    },
    {
        "name": "Chad",
        "dial_code": "+ 345",
        "code": "KY",
        "id": 36
    },
    {
        "name": "Chile",
        "dial_code": "+236",
        "code": "CF",
        "id": 37
    },
    {
        "name": "China",
        "dial_code": "+235",
        "code": "TD",
        "id": 38
    },
    {
        "name": "Colombia",
        "dial_code": "+56",
        "code": "CL",
        "id": 39
    },
    {
        "name": "Comoros",
        "dial_code": "+86",
        "code": "CN",
        "id": 40
    },
    {
        "name": "Congo",
        "dial_code": "+61",
        "code": "CX",
        "id": 41
    },
    {
        "name": "Democratic Republic of the",
        "dial_code": "+57",
        "code": "CO",
        "id": 42
    },
    {
        "name": "Congo",
        "dial_code": "+269",
        "code": "KM",
        "id": 43
    },
    {
        "name": "Republic of the",
        "dial_code": "+242",
        "code": "CG",
        "id": 44
    },
    {
        "name": "Costa Rica",
        "dial_code": "+682",
        "code": "CK",
        "id": 45
    },
    {
        "name": "Cote d Ivoire",
        "dial_code": "+506",
        "code": "CR",
        "id": 46
    },
    {
        "name": "Croatia",
        "dial_code": "+385",
        "code": "HR",
        "id": 47
    },
    {
        "name": "Cuba",
        "dial_code": "+53",
        "code": "CU",
        "id": 48
    },
    {
        "name": "Curacao",
        "dial_code": "+537",
        "code": "CY",
        "id": 49
    },
    {
        "name": "Cyprus",
        "dial_code": "+420",
        "code": "CZ",
        "id": 50
    },
    {
        "name": "Czech Republic",
        "dial_code": "+45",
        "code": "DK",
        "id": 51
    },
    {
        "name": "Denmark",
        "dial_code": "+253",
        "code": "DJ",
        "id": 52
    },
    {
        "name": "Djibouti",
        "dial_code": "+1 767",
        "code": "DM",
        "id": 53
    },
    {
        "name": "Dominica",
        "dial_code": "+1 849",
        "code": "DO",
        "id": 54
    },
    {
        "name": "Dominican Republic",
        "dial_code": "+593",
        "code": "EC",
        "id": 55
    },
    {
        "name": "East Timor (see Timor-Leste)",
        "dial_code": "+20",
        "code": "EG",
        "id": 56
    },
    {
        "name": "Ecuador",
        "dial_code": "+503",
        "code": "SV",
        "id": 57
    },
    {
        "name": "Egypt",
        "dial_code": "+240",
        "code": "GQ",
        "id": 58
    },
    {
        "name": "El Salvador",
        "dial_code": "+291",
        "code": "ER",
        "id": 59
    },
    {
        "name": "Equatorial Guinea",
        "dial_code": "+372",
        "code": "EE",
        "id": 60
    },
    {
        "name": "Eritrea",
        "dial_code": "+251",
        "code": "ET",
        "id": 61
    },
    {
        "name": "Estonia",
        "dial_code": "+298",
        "code": "FO",
        "id": 62
    },
    {
        "name": "Ethiopia",
        "dial_code": "+679",
        "code": "FJ",
        "id": 63
    },
    {
        "name": "Fiji",
        "dial_code": "+358",
        "code": "FI",
        "id": 64
    },
    {
        "name": "Finland",
        "dial_code": "+33",
        "code": "FR",
        "id": 65
    },
    {
        "name": "France",
        "dial_code": "+594",
        "code": "GF",
        "id": 66
    },
    {
        "name": "Gabon",
        "dial_code": "+689",
        "code": "PF",
        "id": 67
    },
    {
        "name": "Gambia",
        "dial_code": "+241",
        "code": "GA",
        "id": 68
    },
    {
        "name": "Georgia",
        "dial_code": "+220",
        "code": "GM",
        "id": 69
    },
    {
        "name": "Germany",
        "dial_code": "+995",
        "code": "GE",
        "id": 70
    },
    {
        "name": "Ghana",
        "dial_code": "+49",
        "code": "DE",
        "id": 71
    },
    {
        "name": "Greece",
        "dial_code": "+233",
        "code": "GH",
        "id": 72
    },
    {
        "name": "Grenada",
        "dial_code": "+350",
        "code": "GI",
        "id": 73
    },
    {
        "name": "Guatemala",
        "dial_code": "+30",
        "code": "GR",
        "id": 74
    },
    {
        "name": "Guinea",
        "dial_code": "+299",
        "code": "GL",
        "id": 75
    },
    {
        "name": "Guinea-Bissau",
        "dial_code": "+1 473",
        "code": "GD",
        "id": 76
    },
    {
        "name": "Guyana",
        "dial_code": "+590",
        "code": "GP",
        "id": 77
    },
    {
        "name": "Haiti",
        "dial_code": "+1 671",
        "code": "GU",
        "id": 78
    },
    {
        "name": "Holy See",
        "dial_code": "+502",
        "code": "GT",
        "id": 79
    },
    {
        "name": "Honduras",
        "dial_code": "+224",
        "code": "GN",
        "id": 80
    },
    {
        "name": "Hong Kong",
        "dial_code": "+245",
        "code": "GW",
        "id": 81
    },
    {
        "name": "Hungary",
        "dial_code": "+595",
        "code": "GY",
        "id": 82
    },
    {
        "name": "Iceland",
        "dial_code": "+509",
        "code": "HT",
        "id": 83
    },
    {
        "name": "India",
        "dial_code": "+91",
        "code": "HN",
        "id": 84
    },
    {
        "name": "Indonesia",
        "dial_code": "+36",
        "code": "HU",
        "id": 85
    },
    {
        "name": "Iran",
        "dial_code": "+354",
        "code": "IS",
        "id": 86
    },
    {
        "name": "Iraq",
        "dial_code": "+91",
        "code": "IN",
        "id": 87
    },
    {
        "name": "Ireland",
        "dial_code": "+62",
        "code": "ID",
        "id": 88
    },
    {
        "name": "Israel",
        "dial_code": "+964",
        "code": "IQ",
        "id": 89
    },
    {
        "name": "Italy",
        "dial_code": "+353",
        "code": "IE",
        "id": 90
    },
    {
        "name": "Jamaica",
        "dial_code": "+972",
        "code": "IL",
        "id": 91
    },
    {
        "name": "Japan",
        "dial_code": "+39",
        "code": "IT",
        "id": 92
    },
    {
        "name": "Jordan",
        "dial_code": "+1 876",
        "code": "JM",
        "id": 93
    },
    {
        "name": "Kazakhstan",
        "dial_code": "+81",
        "code": "JP",
        "id": 94
    },
    {
        "name": "Kenya",
        "dial_code": "+962",
        "code": "JO",
        "id": 95
    },
    {
        "name": "Kiribati",
        "dial_code": "+7 7",
        "code": "KZ",
        "id": 96
    },
    {
        "name": "Korea",
        "dial_code": "+254",
        "code": "KE",
        "id": 97
    },
    {
        "name": "North",
        "dial_code": "+686",
        "code": "KI",
        "id": 98
    },
    {
        "name": "Korea",
        "dial_code": "+965",
        "code": "KW",
        "id": 99
    },
    {
        "name": "South",
        "dial_code": "+996",
        "code": "KG",
        "id": 100
    },
    {
        "name": "Kosovo",
        "dial_code": "+371",
        "code": "LV",
        "id": 101
    },
    {
        "name": "Kuwait",
        "dial_code": "+961",
        "code": "LB",
        "id": 102
    },
    {
        "name": "Kyrgyzstan",
        "dial_code": "+266",
        "code": "LS",
        "id": 103
    },
    {
        "name": "Laos",
        "dial_code": "+231",
        "code": "LR",
        "id": 104
    },
    {
        "name": "Latvia",
        "dial_code": "+423",
        "code": "LI",
        "id": 105
    },
    {
        "name": "Lebanon",
        "dial_code": "+370",
        "code": "LT",
        "id": 106
    },
    {
        "name": "Lesotho",
        "dial_code": "+352",
        "code": "LU",
        "id": 107
    },
    {
        "name": "Liberia",
        "dial_code": "+261",
        "code": "MG",
        "id": 108
    },
    {
        "name": "Libya",
        "dial_code": "+265",
        "code": "MW",
        "id": 109
    },
    {
        "name": "Liechtenstein",
        "dial_code": "+60",
        "code": "MY",
        "id": 110
    },
    {
        "name": "Lithuania",
        "dial_code": "+960",
        "code": "MV",
        "id": 111
    },
    {
        "name": "Luxembourg",
        "dial_code": "+223",
        "code": "ML",
        "id": 112
    },
    {
        "name": "Macau",
        "dial_code": "+356",
        "code": "MT",
        "id": 113
    },
    {
        "name": "Macedonia",
        "dial_code": "+692",
        "code": "MH",
        "id": 114
    },
    {
        "name": "Madagascar",
        "dial_code": "+596",
        "code": "MQ",
        "id": 115
    },
    {
        "name": "Malawi",
        "dial_code": "+222",
        "code": "MR",
        "id": 116
    },
    {
        "name": "Malaysia",
        "dial_code": "+230",
        "code": "MU",
        "id": 117
    },
    {
        "name": "Maldives",
        "dial_code": "+262",
        "code": "YT",
        "id": 118
    },
    {
        "name": "Mali",
        "dial_code": "+52",
        "code": "MX",
        "id": 119
    },
    {
        "name": "Malta",
        "dial_code": "+377",
        "code": "MC",
        "id": 120
    },
    {
        "name": "Marshall Islands",
        "dial_code": "+976",
        "code": "MN",
        "id": 121
    },
    {
        "name": "Mauritania",
        "dial_code": "+382",
        "code": "ME",
        "id": 122
    },
    {
        "name": "Mauritius",
        "dial_code": "+1664",
        "code": "MS",
        "id": 123
    },
    {
        "name": "Mexico",
        "dial_code": "+212",
        "code": "MA",
        "id": 124
    },
    {
        "name": "Micronesia",
        "dial_code": "+95",
        "code": "MM",
        "id": 125
    },
    {
        "name": "Moldova",
        "dial_code": "+264",
        "code": "NA",
        "id": 126
    },
    {
        "name": "Monaco",
        "dial_code": "+674",
        "code": "NR",
        "id": 127
    },
    {
        "name": "Mongolia",
        "dial_code": "+977",
        "code": "NP",
        "id": 128
    },
    {
        "name": "Montenegro",
        "dial_code": "+31",
        "code": "NL",
        "id": 129
    },
    {
        "name": "Morocco",
        "dial_code": "+599",
        "code": "AN",
        "id": 130
    },
    {
        "name": "Mozambique",
        "dial_code": "+687",
        "code": "NC",
        "id": 131
    },
    {
        "name": "Namibia",
        "dial_code": "+64",
        "code": "NZ",
        "id": 132
    },
    {
        "name": "Nauru",
        "dial_code": "+505",
        "code": "NI",
        "id": 133
    },
    {
        "name": "Nepal",
        "dial_code": "+227",
        "code": "NE",
        "id": 134
    },
    {
        "name": "Netherlands",
        "dial_code": "+234",
        "code": "NG",
        "id": 135
    },
    {
        "name": "Netherlands Antilles",
        "dial_code": "+683",
        "code": "NU",
        "id": 136
    },
    {
        "name": "New Zealand",
        "dial_code": "+672",
        "code": "NF",
        "id": 137
    },
    {
        "name": "Nicaragua",
        "dial_code": "+1 670",
        "code": "MP",
        "id": 138
    },
    {
        "name": "Niger",
        "dial_code": "+47",
        "code": "NO",
        "id": 139
    },
    {
        "name": "Nigeria",
        "dial_code": "+968",
        "code": "OM",
        "id": 140
    },
    {
        "name": "North Korea",
        "dial_code": "+92",
        "code": "PK",
        "id": 141
    },
    {
        "name": "Norway",
        "dial_code": "+680",
        "code": "PW",
        "id": 142
    },
    {
        "name": "Oman",
        "dial_code": "+507",
        "code": "PA",
        "id": 143
    },
    {
        "name": "Pakistan",
        "dial_code": "+675",
        "code": "PG",
        "id": 144
    },
    {
        "name": "Palau",
        "dial_code": "+595",
        "code": "PY",
        "id": 145
    },
    {
        "name": "Palestinian Territories",
        "dial_code": "+51",
        "code": "PE",
        "id": 146
    },
    {
        "name": "Panama",
        "dial_code": "+63",
        "code": "PH",
        "id": 147
    },
    {
        "name": "Papua New Guinea",
        "dial_code": "+48",
        "code": "PL",
        "id": 148
    },
    {
        "name": "Paraguay",
        "dial_code": "+351",
        "code": "PT",
        "id": 149
    },
    {
        "name": "Peru",
        "dial_code": "+1 939",
        "code": "PR",
        "id": 150
    },
    {
        "name": "Philippines",
        "dial_code": "+974",
        "code": "QA",
        "id": 151
    },
    {
        "name": "Poland",
        "dial_code": "+40",
        "code": "RO",
        "id": 152
    },
    {
        "name": "Portugal",
        "dial_code": "+250",
        "code": "RW",
        "id": 153
    },
    {
        "name": "Qatar",
        "dial_code": "+685",
        "code": "WS",
        "id": 154
    },
    {
        "name": "Romania",
        "dial_code": "+378",
        "code": "SM",
        "id": 155
    },
    {
        "name": "Russia",
        "dial_code": "+966",
        "code": "SA",
        "id": 156
    },
    {
        "name": "Rwanda",
        "dial_code": "+221",
        "code": "SN",
        "id": 157
    },
    {
        "name": "Saint Kitts and Nevis",
        "dial_code": "+381",
        "code": "RS",
        "id": 158
    },
    {
        "name": "Saint Lucia",
        "dial_code": "+248",
        "code": "SC",
        "id": 159
    },
    {
        "name": "Saint Vincent and the Grenadines",
        "dial_code": "+232",
        "code": "SL",
        "id": 160
    },
    {
        "name": "Samoa",
        "dial_code": "+65",
        "code": "SG",
        "id": 161
    },
    {
        "name": "San Marino",
        "dial_code": "+421",
        "code": "SK",
        "id": 162
    },
    {
        "name": "Sao Tome and Principe",
        "dial_code": "+386",
        "code": "SI",
        "id": 163
    },
    {
        "name": "Saudi Arabia",
        "dial_code": "+677",
        "code": "SB",
        "id": 164
    },
    {
        "name": "Senegal",
        "dial_code": "+27",
        "code": "ZA",
        "id": 165
    },
    {
        "name": "Serbia",
        "dial_code": "+500",
        "code": "GS",
        "id": 166
    },
    {
        "name": "Seychelles",
        "dial_code": "+34",
        "code": "ES",
        "id": 167
    },
    {
        "name": "Sierra Leone",
        "dial_code": "+94",
        "code": "LK",
        "id": 168
    },
    {
        "name": "Singapore",
        "dial_code": "+249",
        "code": "SD",
        "id": 169
    },
    {
        "name": "Sint Maarten",
        "dial_code": "+597",
        "code": "SR",
        "id": 170
    },
    {
        "name": "Slovakia",
        "dial_code": "+268",
        "code": "SZ",
        "id": 171
    },
    {
        "name": "Slovenia",
        "dial_code": "+46",
        "code": "SE",
        "id": 172
    },
    {
        "name": "Solomon Islands",
        "dial_code": "+41",
        "code": "CH",
        "id": 173
    },
    {
        "name": "Somalia",
        "dial_code": "+992",
        "code": "TJ",
        "id": 174
    },
    {
        "name": "South Africa",
        "dial_code": "+66",
        "code": "TH",
        "id": 175
    },
    {
        "name": "South Korea",
        "dial_code": "+228",
        "code": "TG",
        "id": 176
    },
    {
        "name": "South Sudan",
        "dial_code": "+690",
        "code": "TK",
        "id": 177
    },
    {
        "name": "Spain",
        "dial_code": "+676",
        "code": "TO",
        "id": 178
    },
    {
        "name": "Sri Lanka",
        "dial_code": "+1 868",
        "code": "TT",
        "id": 179
    },
    {
        "name": "Sudan",
        "dial_code": "+216",
        "code": "TN",
        "id": 180
    },
    {
        "name": "Suriname",
        "dial_code": "+90",
        "code": "TR",
        "id": 181
    },
    {
        "name": "Swaziland",
        "dial_code": "+993",
        "code": "TM",
        "id": 182
    },
    {
        "name": "Sweden",
        "dial_code": "+1 649",
        "code": "TC",
        "id": 183
    },
    {
        "name": "Switzerland",
        "dial_code": "+688",
        "code": "TV",
        "id": 184
    },
    {
        "name": "Syria",
        "dial_code": "+256",
        "code": "UG",
        "id": 185
    },
    {
        "name": "Taiwan",
        "dial_code": "+380",
        "code": "UA",
        "id": 186
    },
    {
        "name": "Tajikistan",
        "dial_code": "+971",
        "code": "AE",
        "id": 187
    },
    {
        "name": "Tanzania",
        "dial_code": "+44",
        "code": "GB",
        "id": 188
    },
    {
        "name": "Thailand",
        "dial_code": "+1",
        "code": "US",
        "id": 189
    },
    {
        "name": "Timor-Leste",
        "dial_code": "+598",
        "code": "UY",
        "id": 190
    },
    {
        "name": "Togo",
        "dial_code": "+998",
        "code": "UZ",
        "id": 191
    },
    {
        "name": "Tonga",
        "dial_code": "+678",
        "code": "VU",
        "id": 192
    },
    {
        "name": "Trinidad and Tobago",
        "dial_code": "+681",
        "code": "WF",
        "id": 193
    },
    {
        "name": "Tunisia",
        "dial_code": "+967",
        "code": "YE",
        "id": 194
    },
    {
        "name": "Turkey",
        "dial_code": "+260",
        "code": "ZM",
        "id": 195
    },
    {
        "name": "Turkmenistan",
        "dial_code": "+263",
        "code": "ZW",
        "id": 196
    },
    {
        "name": "Tuvalu",
        "dial_code": "",
        "code": "AX",
        "id": 197
    },
    {
        "name": "United States",
        "dial_code": null,
        "code": "AQ",
        "id": 198
    },
    {
        "name": "Uganda",
        "dial_code": "+591",
        "code": "BO",
        "id": 199
    },
    {
        "name": "Ukraine",
        "dial_code": "+673",
        "code": "BN",
        "id": 200
    },
    {
        "name": "United Arab Emirates",
        "dial_code": "+61",
        "code": "CC",
        "id": 201
    },
    {
        "name": "United Kingdom",
        "dial_code": "+243",
        "code": "CD",
        "id": 202
    },
    {
        "name": "Uruguay",
        "dial_code": "+225",
        "code": "CI",
        "id": 203
    },
    {
        "name": "Uzbekistan",
        "dial_code": "+500",
        "code": "FK",
        "id": 204
    },
    {
        "name": "Vanuatu",
        "dial_code": "+44",
        "code": "GG",
        "id": 205
    },
    {
        "name": "Venezuela",
        "dial_code": "+379",
        "code": "VA",
        "id": 206
    },
    {
        "name": "Vietnam",
        "dial_code": "+852",
        "code": "HK",
        "id": 207
    },
    {
        "name": "Yemen",
        "dial_code": "+98",
        "code": "IR",
        "id": 208
    },
    {
        "name": "Zambia",
        "dial_code": "+44",
        "code": "IM",
        "id": 209
    },
    {
        "name": "Zimbabw",
        "dial_code": "+44",
        "code": "JE",
        "id": 210
    }
]