[
	{
		"id" : 1,
		"countryName" : "Afghanistan"
	},
	{
		"id" : 2,
		"countryName" : "Albania"
	},
	{
		"id" : 3,
		"countryName" : "Algeria"
	},
	{
		"id" : 4,
		"countryName" : "Andorra"
	},
	{
		"id" : 5,
		"countryName" : "Angola"
	},
	{
		"id" : 6,
		"countryName" : "Antigua and Barbuda"
	},
	{
		"id" : 7,
		"countryName" : "Argentina"
	},
	{
		"id" : 8,
		"countryName" : "Armenia"
	},
	{
		"id" : 9,
		"countryName" : "Aruba"
	},
	{
		"id" : 10,
		"countryName" : "Australia"
	},
	{
		"id" : 11,
		"countryName" : "Austria"
	},
	{
		"id" : 12,
		"countryName" : "Azerbaijan"
	},
	{
		"id" : 13,
		"countryName" : "Bahamas"
	},
	{
		"id" : 14,
		"countryName" : "Bahrain"
	},
	{
		"id" : 15,
		"countryName" : "Bangladesh"
	},
	{
		"id" : 16,
		"countryName" : "Barbados"
	},
	{
		"id" : 17,
		"countryName" : "Belarus"
	},
	{
		"id" : 18,
		"countryName" : "Belgium"
	},
	{
		"id" : 19,
		"countryName" : "Belize"
	},
	{
		"id" : 20,
		"countryName" : "Benin"
	},
	{
		"id" : 21,
		"countryName" : "Bhutan"
	},
	{
		"id" : 22,
		"countryName" : "Bolivia"
	},
	{
		"id" : 23,
		"countryName" : "Bosnia and Herzegovina"
	},
	{
		"id" : 24,
		"countryName" : "Botswana"
	},
	{
		"id" : 25,
		"countryName" : "Brazil"
	},
	{
		"id" : 26,
		"countryName" : "Brunei"
	},
	{
		"id" : 27,
		"countryName" : "Bulgaria"
	},
	{
		"id" : 28,
		"countryName" : "Burkina Faso"
	},
	{
		"id" : 29,
		"countryName" : "Burma"
	},
	{
		"id" : 30,
		"countryName" : "Burundi"
	},
	{
		"id" : 31,
		"countryName" : "Cambodia"
	},
	{
		"id" : 32,
		"countryName" : "Cameroon"
	},
	{
		"id" : 33,
		"countryName" : "Canada"
	},
	{
		"id" : 34,
		"countryName" : "Cape Verde"
	},
	{
		"id" : 35,
		"countryName" : "Central African Republic"
	},
	{
		"id" : 36,
		"countryName" : "Chad"
	},
	{
		"id" : 37,
		"countryName" : "Chile"
	},
	{
		"id" : 38,
		"countryName" : "China"
	},
	{
		"id" : 39,
		"countryName" : "Colombia"
	},
	{
		"id" : 40,
		"countryName" : "Comoros"
	},
	{
		"id" : 41,
		"countryName" : "Congo"
	},
	{
		"id" : 42,
		"countryName" : "Democratic Republic of the"
	},
	{
		"id" : 43,
		"countryName" : "Congo"
	},
	{
		"id" : 44,
		"countryName" : "Republic of the"
	},
	{
		"id" : 45,
		"countryName" : "Costa Rica"
	},
	{
		"id" : 46,
		"countryName" : "Cote d Ivoire"
	},
	{
		"id" : 47,
		"countryName" : "Croatia"
	},
	{
		"id" : 48,
		"countryName" : "Cuba"
	},
	{
		"id" : 49,
		"countryName" : "Curacao"
	},
	{
		"id" : 50,
		"countryName" : "Cyprus"
	},
	{
		"id" : 51,
		"countryName" : "Czech Republic"
	},
	{
		"id" : 52,
		"countryName" : "Denmark"
	},
	{
		"id" : 53,
		"countryName" : "Djibouti"
	},
	{
		"id" : 54,
		"countryName" : "Dominica"
	},
	{
		"id" : 55,
		"countryName" : "Dominican Republic"
	},
	{
		"id" : 56,
		"countryName" : "East Timor (see Timor-Leste)"
	},
	{
		"id" : 57,
		"countryName" : "Ecuador"
	},
	{
		"id" : 58,
		"countryName" : "Egypt"
	},
	{
		"id" : 59,
		"countryName" : "El Salvador"
	},
	{
		"id" : 60,
		"countryName" : "Equatorial Guinea"
	},
	{
		"id" : 61,
		"countryName" : "Eritrea"
	},
	{
		"id" : 62,
		"countryName" : "Estonia"
	},
	{
		"id" : 63,
		"countryName" : "Ethiopia"
	},
	{
		"id" : 64,
		"countryName" : "Fiji"
	},
	{
		"id" : 65,
		"countryName" : "Finland"
	},
	{
		"id" : 66,
		"countryName" : "France"
	},
	{
		"id" : 67,
		"countryName" : "Gabon"
	},
	{
		"id" : 68,
		"countryName" : "Gambia"
	},
	{
		"id" : 69,
		"countryName" : "Georgia"
	},
	{
		"id" : 70,
		"countryName" : "Germany"
	},
	{
		"id" : 71,
		"countryName" : "Ghana"
	},
	{
		"id" : 72,
		"countryName" : "Greece"
	},
	{
		"id" : 73,
		"countryName" : "Grenada"
	},
	{
		"id" : 74,
		"countryName" : "Guatemala"
	},
	{
		"id" : 75,
		"countryName" : "Guinea"
	},
	{
		"id" : 76,
		"countryName" : "Guinea-Bissau"
	},
	{
		"id" : 77,
		"countryName" : "Guyana"
	},
	{
		"id" : 78,
		"countryName" : "Haiti"
	},
	{
		"id" : 79,
		"countryName" : "Holy See"
	},
	{
		"id" : 80,
		"countryName" : "Honduras"
	},
	{
		"id" : 81,
		"countryName" : "Hong Kong"
	},
	{
		"id" : 82,
		"countryName" : "Hungary"
	},
	{
		"id" : 83,
		"countryName" : "Iceland"
	},
	{
		"id" : 84,
		"countryName" : "India"
	},
	{
		"id" : 85,
		"countryName" : "Indonesia"
	},
	{
		"id" : 86,
		"countryName" : "Iran"
	},
	{
		"id" : 87,
		"countryName" : "Iraq"
	},
	{
		"id" : 88,
		"countryName" : "Ireland"
	},
	{
		"id" : 89,
		"countryName" : "Israel"
	},
	{
		"id" : 90,
		"countryName" : "Italy"
	},
	{
		"id" : 91,
		"countryName" : "Jamaica"
	},
	{
		"id" : 92,
		"countryName" : "Japan"
	},
	{
		"id" : 93,
		"countryName" : "Jordan"
	},
	{
		"id" : 94,
		"countryName" : "Kazakhstan"
	},
	{
		"id" : 95,
		"countryName" : "Kenya"
	},
	{
		"id" : 96,
		"countryName" : "Kiribati"
	},
	{
		"id" : 97,
		"countryName" : "Korea"
	},
	{
		"id" : 98,
		"countryName" : "North"
	},
	{
		"id" : 99,
		"countryName" : "Korea"
	},
	{
		"id" : 100,
		"countryName" : "South"
	},
	{
		"id" : 101,
		"countryName" : "Kosovo"
	},
	{
		"id" : 102,
		"countryName" : "Kuwait"
	},
	{
		"id" : 103,
		"countryName" : "Kyrgyzstan"
	},
	{
		"id" : 104,
		"countryName" : "Laos"
	},
	{
		"id" : 105,
		"countryName" : "Latvia"
	},
	{
		"id" : 106,
		"countryName" : "Lebanon"
	},
	{
		"id" : 107,
		"countryName" : "Lesotho"
	},
	{
		"id" : 108,
		"countryName" : "Liberia"
	},
	{
		"id" : 109,
		"countryName" : "Libya"
	},
	{
		"id" : 110,
		"countryName" : "Liechtenstein"
	},
	{
		"id" : 111,
		"countryName" : "Lithuania"
	},
	{
		"id" : 112,
		"countryName" : "Luxembourg"
	},
	{
		"id" : 113,
		"countryName" : "Macau"
	},
	{
		"id" : 114,
		"countryName" : "Macedonia"
	},
	{
		"id" : 115,
		"countryName" : "Madagascar"
	},
	{
		"id" : 116,
		"countryName" : "Malawi"
	},
	{
		"id" : 117,
		"countryName" : "Malaysia"
	},
	{
		"id" : 118,
		"countryName" : "Maldives"
	},
	{
		"id" : 119,
		"countryName" : "Mali"
	},
	{
		"id" : 120,
		"countryName" : "Malta"
	},
	{
		"id" : 121,
		"countryName" : "Marshall Islands"
	},
	{
		"id" : 122,
		"countryName" : "Mauritania"
	},
	{
		"id" : 123,
		"countryName" : "Mauritius"
	},
	{
		"id" : 124,
		"countryName" : "Mexico"
	},
	{
		"id" : 125,
		"countryName" : "Micronesia"
	},
	{
		"id" : 126,
		"countryName" : "Moldova"
	},
	{
		"id" : 127,
		"countryName" : "Monaco"
	},
	{
		"id" : 128,
		"countryName" : "Mongolia"
	},
	{
		"id" : 129,
		"countryName" : "Montenegro"
	},
	{
		"id" : 130,
		"countryName" : "Morocco"
	},
	{
		"id" : 131,
		"countryName" : "Mozambique"
	},
	{
		"id" : 132,
		"countryName" : "Namibia"
	},
	{
		"id" : 133,
		"countryName" : "Nauru"
	},
	{
		"id" : 134,
		"countryName" : "Nepal"
	},
	{
		"id" : 135,
		"countryName" : "Netherlands"
	},
	{
		"id" : 136,
		"countryName" : "Netherlands Antilles"
	},
	{
		"id" : 137,
		"countryName" : "New Zealand"
	},
	{
		"id" : 138,
		"countryName" : "Nicaragua"
	},
	{
		"id" : 139,
		"countryName" : "Niger"
	},
	{
		"id" : 140,
		"countryName" : "Nigeria"
	},
	{
		"id" : 141,
		"countryName" : "North Korea"
	},
	{
		"id" : 142,
		"countryName" : "Norway"
	},
	{
		"id" : 143,
		"countryName" : "Oman"
	},
	{
		"id" : 144,
		"countryName" : "Pakistan"
	},
	{
		"id" : 145,
		"countryName" : "Palau"
	},
	{
		"id" : 146,
		"countryName" : "Palestinian Territories"
	},
	{
		"id" : 147,
		"countryName" : "Panama"
	},
	{
		"id" : 148,
		"countryName" : "Papua New Guinea"
	},
	{
		"id" : 149,
		"countryName" : "Paraguay"
	},
	{
		"id" : 150,
		"countryName" : "Peru"
	},
	{
		"id" : 151,
		"countryName" : "Philippines"
	},
	{
		"id" : 152,
		"countryName" : "Poland"
	},
	{
		"id" : 153,
		"countryName" : "Portugal"
	},
	{
		"id" : 154,
		"countryName" : "Qatar"
	},
	{
		"id" : 155,
		"countryName" : "Romania"
	},
	{
		"id" : 156,
		"countryName" : "Russia"
	},
	{
		"id" : 157,
		"countryName" : "Rwanda"
	},
	{
		"id" : 158,
		"countryName" : "Saint Kitts and Nevis"
	},
	{
		"id" : 159,
		"countryName" : "Saint Lucia"
	},
	{
		"id" : 160,
		"countryName" : "Saint Vincent and the Grenadines"
	},
	{
		"id" : 161,
		"countryName" : "Samoa"
	},
	{
		"id" : 162,
		"countryName" : "San Marino"
	},
	{
		"id" : 163,
		"countryName" : "Sao Tome and Principe"
	},
	{
		"id" : 164,
		"countryName" : "Saudi Arabia"
	},
	{
		"id" : 165,
		"countryName" : "Senegal"
	},
	{
		"id" : 166,
		"countryName" : "Serbia"
	},
	{
		"id" : 167,
		"countryName" : "Seychelles"
	},
	{
		"id" : 168,
		"countryName" : "Sierra Leone"
	},
	{
		"id" : 169,
		"countryName" : "Singapore"
	},
	{
		"id" : 170,
		"countryName" : "Sint Maarten"
	},
	{
		"id" : 171,
		"countryName" : "Slovakia"
	},
	{
		"id" : 172,
		"countryName" : "Slovenia"
	},
	{
		"id" : 173,
		"countryName" : "Solomon Islands"
	},
	{
		"id" : 174,
		"countryName" : "Somalia"
	},
	{
		"id" : 175,
		"countryName" : "South Africa"
	},
	{
		"id" : 176,
		"countryName" : "South Korea"
	},
	{
		"id" : 177,
		"countryName" : "South Sudan"
	},
	{
		"id" : 178,
		"countryName" : "Spain"
	},
	{
		"id" : 179,
		"countryName" : "Sri Lanka"
	},
	{
		"id" : 180,
		"countryName" : "Sudan"
	},
	{
		"id" : 181,
		"countryName" : "Suriname"
	},
	{
		"id" : 182,
		"countryName" : "Swaziland"
	},
	{
		"id" : 183,
		"countryName" : "Sweden"
	},
	{
		"id" : 184,
		"countryName" : "Switzerland"
	},
	{
		"id" : 185,
		"countryName" : "Syria"
	},
	{
		"id" : 186,
		"countryName" : "Taiwan"
	},
	{
		"id" : 187,
		"countryName" : "Tajikistan"
	},
	{
		"id" : 188,
		"countryName" : "Tanzania"
	},
	{
		"id" : 189,
		"countryName" : "Thailand"
	},
	{
		"id" : 190,
		"countryName" : "Timor-Leste"
	},
	{
		"id" : 191,
		"countryName" : "Togo"
	},
	{
		"id" : 192,
		"countryName" : "Tonga"
	},
	{
		"id" : 193,
		"countryName" : "Trinidad and Tobago"
	},
	{
		"id" : 194,
		"countryName" : "Tunisia"
	},
	{
		"id" : 195,
		"countryName" : "Turkey"
	},
	{
		"id" : 196,
		"countryName" : "Turkmenistan"
	},
	{
		"id" : 197,
		"countryName" : "Tuvalu"
	},
	{
		"id" : 198,
		"countryName" : "United States"
	},
	{
		"id" : 199,
		"countryName" : "Uganda"
	},
	{
		"id" : 200,
		"countryName" : "Ukraine"
	},
	{
		"id" : 201,
		"countryName" : "United Arab Emirates"
	},
	{
		"id" : 202,
		"countryName" : "United Kingdom"
	},
	{
		"id" : 203,
		"countryName" : "Uruguay"
	},
	{
		"id" : 204,
		"countryName" : "Uzbekistan"
	},
	{
		"id" : 205,
		"countryName" : "Vanuatu"
	},
	{
		"id" : 206,
		"countryName" : "Venezuela"
	},
	{
		"id" : 207,
		"countryName" : "Vietnam"
	},
	{
		"id" : 208,
		"countryName" : "Yemen"
	},
	{
		"id" : 209,
		"countryName" : "Zambia"
	},
	{
		"id" : 210,
		"countryName" : "Zimbabw"
	}
]
