{
    "id": 4,
    "email": null,
    "employeeId": "10033",
    "endDate": null,
    "startDate": null,
    "status": 0,
    "virtualAccountId": 0,
    "virtualAccount": {
        "id": 20,
        "accountActiveSince": null,
        "accountStatus": 1,
        "importStatus": 1,
        "consultantProfiles": null,
        "employeeProfiles": null,
        "company": {
            "id": 1,
            "alternateEmailId": "bikky@gmail.com",
            "companyName": "eserve",
            "description": "wisdom is guru",
            "emailId": "bikky@gmail.com",
            "companyVerified": "1",
            "industryType": {
                "id": 1,
                "industryType": "Advertising & Public Relations"
            }
        },
        "user": {
            "id": 461,
            "accountStatus": "ACTIVE",
            "activationToken": "cac2a17abb7ee8be3baab9fb45aa7d",
            "alternateEmailId": "",
            "displayName": "krish",
            "emailId": "krish92@gmail.com",
            "firstName": "fdsfdsfdsf",
            "lastName": "dsfdsfdsfdsf",
            "memberSince": 1366248064000,
            "activationTokenExpiresOn": 1366680064000,
            "password": "d57dca2d8e0e017e963be8d4222ab3",
            "passwordReset": 0,
            "gender": "M",
            "dateOfBirth": 1366223400000,
            "referenceThrough": "",
            "userContacts": [
                {
                    "id": 32,
                    "contactNumber": "",
                    "contactType": "Phone",
                    "userCompaniesId": 0
                }
            ],
            "userHasAddresses": [
                {
                    "id": 55,
                    "address": {
                        "id": 58,
                        "addressLine1": null,
                        "addressLine2": null,
                        "addressLine3": null,
                        "isActive": 0,
                        "pin": null,
                        "country": null,
                        "state": null
                    },
                    "addressType": {
                        "id": 1,
                        "addressType": "COMMUNICATION"
                    }
                },
                {
                    "id": 56,
                    "address": {
                        "id": 59,
                        "addressLine1": null,
                        "addressLine2": null,
                        "addressLine3": null,
                        "isActive": 0,
                        "pin": null,
                        "country": null,
                        "state": null
                    },
                    "addressType": {
                        "id": 2,
                        "addressType": "PERSONAL"
                    }
                }
            ],
            "country": {
                "id": 84,
                "countryName": "India"
            }
        }
    }
}
