{
    "id": "",
    "keywords": "",
    "minimumHourlyRate": "100",
    "overview": "Over view of the provider",
    "paymentTerms": "",
    "serviceDescription": "Servies",
    "status": 0,
    "title": "",
    "address": {
        "addressLine1": "Address 1",
        "addressLine2": "Address 2",
        "addressLine3": "Address 3",
        "country": {
            "id": "198",
            "countryName": "Country"
        },
        "state": {
            "id": "38",
            "stateName": "State"
        },
        "pinNo": "635 302"
    },
    "user": {
        "displayName": "Palanivel",
        "accountType": "",
        "firstName": "",
        "lastName": "",
        "gender": "",
        "phoneNumber": {
            "countryCode": "",
            "number": ""
        }
    }
}