[
    {
        "id": 1,
        "skill": ".NET",
        "jobHasSkills": null,
        "skillType": null,
        "userHasSkills": null,
        "industryHasSkills": null
    },
    {
        "id": 2,
        "skill": "ABAP",
        "jobHasSkills": null,
        "skillType": null,
        "userHasSkills": null,
        "industryHasSkills": null
    },
    {
        "id": 3,
        "skill": "ADO.NET",
        "jobHasSkills": null,
        "skillType": null,
        "userHasSkills": null,
        "industryHasSkills": null
    },
    {
        "id": 4,
        "skill": "JQUERY",
        "jobHasSkills": null,
        "skillType": null,
        "userHasSkills": null,
        "industryHasSkills": null
    },
    {
        "id": 5,
        "skill": "AJAX",
        "jobHasSkills": null,
        "skillType": null,
        "userHasSkills": null,
        "industryHasSkills": null
    },
    {
        "id": 6,
        "skill": "ASP.NET",
        "jobHasSkills": null,
        "skillType": null,
        "userHasSkills": null,
        "industryHasSkills": null
    },
    {
        "id": 7,
        "skill": "ActionScript",
        "jobHasSkills": null,
        "skillType": null,
        "userHasSkills": null,
        "industryHasSkills": null
    },
    {
        "id": 8,
        "skill": "Adobe Air",
        "jobHasSkills": null,
        "skillType": null,
        "userHasSkills": null,
        "industryHasSkills": null
    },
    {
        "id": 9,
        "skill": "Adobe Flex",
        "jobHasSkills": null,
        "skillType": null,
        "userHasSkills": null,
        "industryHasSkills": null
    },
    {
        "id": 10,
        "skill": "Amazon Web Services",
        "jobHasSkills": null,
        "skillType": null,
        "userHasSkills": null,
        "industryHasSkills": null
    },
    {
        "id": 11,
        "skill": "Android",
        "jobHasSkills": null,
        "skillType": null,
        "userHasSkills": null,
        "industryHasSkills": null
    },
    {
        "id": 12,
        "skill": "Apache Struts",
        "jobHasSkills": null,
        "skillType": null,
        "userHasSkills": null,
        "industryHasSkills": null
    },
    {
        "id": 13,
        "skill": "Apache Tomcat",
        "jobHasSkills": null,
        "skillType": null,
        "userHasSkills": null,
        "industryHasSkills": null
    },
    {
        "id": 14,
        "skill": "Application Programming",
        "jobHasSkills": null,
        "skillType": null,
        "userHasSkills": null,
        "industryHasSkills": null
    },
    {
        "id": 15,
        "skill": "BASIC",
        "jobHasSkills": null,
        "skillType": null,
        "userHasSkills": null,
        "industryHasSkills": null
    },
    {
        "id": 16,
        "skill": "BlackBerry",
        "jobHasSkills": null,
        "skillType": null,
        "userHasSkills": null,
        "industryHasSkills": null
    },
    {
        "id": 18,
        "skill": "COBOL",
        "jobHasSkills": null,
        "skillType": null,
        "userHasSkills": null,
        "industryHasSkills": null
    },
    {
        "id": 19,
        "skill": "CCNA",
        "jobHasSkills": null,
        "skillType": null,
        "userHasSkills": null,
        "industryHasSkills": null
    },
    {
        "id": 20,
        "skill": "CCIE",
        "jobHasSkills": null,
        "skillType": null,
        "userHasSkills": null,
        "industryHasSkills": null
    },
    {
        "id": 21,
        "skill": "CakePHP",
        "jobHasSkills": null,
        "skillType": null,
        "userHasSkills": null,
        "industryHasSkills": null
    },
    {
        "id": 22,
        "skill": "Caspio Programming",
        "jobHasSkills": null,
        "skillType": null,
        "userHasSkills": null,
        "industryHasSkills": null
    },
    {
        "id": 23,
        "skill": "CloudForge",
        "jobHasSkills": null,
        "skillType": null,
        "userHasSkills": null,
        "industryHasSkills": null
    },
    {
        "id": 24,
        "skill": "DHTML",
        "jobHasSkills": null,
        "skillType": null,
        "userHasSkills": null,
        "industryHasSkills": null
    },
    {
        "id": 25,
        "skill": "Data Warehousing",
        "jobHasSkills": null,
        "skillType": null,
        "userHasSkills": null,
        "industryHasSkills": null
    },
    {
        "id": 26,
        "skill": "Database Administration",
        "jobHasSkills": null,
        "skillType": null,
        "userHasSkills": null,
        "industryHasSkills": null
    },
    {
        "id": 27,
        "skill": "Database Programming",
        "jobHasSkills": null,
        "skillType": null,
        "userHasSkills": null,
        "industryHasSkills": null
    },
    {
        "id": 28,
        "skill": "Dojo Toolkit",
        "jobHasSkills": null,
        "skillType": null,
        "userHasSkills": null,
        "industryHasSkills": null
    },
    {
        "id": 29,
        "skill": "Drupal",
        "jobHasSkills": null,
        "skillType": null,
        "userHasSkills": null,
        "industryHasSkills": null
    },
    {
        "id": 30,
        "skill": "EJB",
        "jobHasSkills": null,
        "skillType": null,
        "userHasSkills": null,
        "industryHasSkills": null
    },
    {
        "id": 31,
        "skill": "FoxPro Programming",
        "jobHasSkills": null,
        "skillType": null,
        "userHasSkills": null,
        "industryHasSkills": null
    },
    {
        "id": 32,
        "skill": "Game Programming",
        "jobHasSkills": null,
        "skillType": null,
        "userHasSkills": null,
        "industryHasSkills": null
    },
    {
        "id": 33,
        "skill": "Google Maps",
        "jobHasSkills": null,
        "skillType": null,
        "userHasSkills": null,
        "industryHasSkills": null
    },
    {
        "id": 34,
        "skill": "Google Web Toolkit",
        "jobHasSkills": null,
        "skillType": null,
        "userHasSkills": null,
        "industryHasSkills": null
    },
    {
        "id": 35,
        "skill": "IBM DB2 Programming",
        "jobHasSkills": null,
        "skillType": null,
        "userHasSkills": null,
        "industryHasSkills": null
    },
    {
        "id": 36,
        "skill": "Informix Programming",
        "jobHasSkills": null,
        "skillType": null,
        "userHasSkills": null,
        "industryHasSkills": null
    },
    {
        "id": 37,
        "skill": "Internet Security",
        "jobHasSkills": null,
        "skillType": null,
        "userHasSkills": null,
        "industryHasSkills": null
    },
    {
        "id": 38,
        "skill": "JDBC Programming",
        "jobHasSkills": null,
        "skillType": null,
        "userHasSkills": null,
        "industryHasSkills": null
    },
    {
        "id": 39,
        "skill": "JIRA",
        "jobHasSkills": null,
        "skillType": null,
        "userHasSkills": null,
        "industryHasSkills": null
    },
    {
        "id": 40,
        "skill": "JSON",
        "jobHasSkills": null,
        "skillType": null,
        "userHasSkills": null,
        "industryHasSkills": null
    },
    {
        "id": 41,
        "skill": "JSP",
        "jobHasSkills": null,
        "skillType": null,
        "userHasSkills": null,
        "industryHasSkills": null
    },
    {
        "id": 42,
        "skill": "Java",
        "jobHasSkills": null,
        "skillType": null,
        "userHasSkills": null,
        "industryHasSkills": null
    },
    {
        "id": 43,
        "skill": "Joomla!",
        "jobHasSkills": null,
        "skillType": null,
        "userHasSkills": null,
        "industryHasSkills": null
    },
    {
        "id": 44,
        "skill": "LAMP",
        "jobHasSkills": null,
        "skillType": null,
        "userHasSkills": null,
        "industryHasSkills": null
    },
    {
        "id": 45,
        "skill": "Linux",
        "jobHasSkills": null,
        "skillType": null,
        "userHasSkills": null,
        "industryHasSkills": null
    },
    {
        "id": 46,
        "skill": "Mac OSX",
        "jobHasSkills": null,
        "skillType": null,
        "userHasSkills": null,
        "industryHasSkills": null
    },
    {
        "id": 47,
        "skill": "Microsoft Access Programming",
        "jobHasSkills": null,
        "skillType": null,
        "userHasSkills": null,
        "industryHasSkills": null
    },
    {
        "id": 48,
        "skill": "Microsoft Certified Information",
        "jobHasSkills": null,
        "skillType": null,
        "userHasSkills": null,
        "industryHasSkills": null
    },
    {
        "id": 49,
        "skill": "Microsoft Dynamics Development",
        "jobHasSkills": null,
        "skillType": null,
        "userHasSkills": null,
        "industryHasSkills": null
    },
    {
        "id": 50,
        "skill": "Microsoft Office Live Web Design",
        "jobHasSkills": null,
        "skillType": null,
        "userHasSkills": null,
        "industryHasSkills": null
    },
    {
        "id": 51,
        "skill": "Microsoft SQL Server Programming",
        "jobHasSkills": null,
        "skillType": null,
        "userHasSkills": null,
        "industryHasSkills": null
    },
    {
        "id": 52,
        "skill": "Microsoft Server",
        "jobHasSkills": null,
        "skillType": null,
        "userHasSkills": null,
        "industryHasSkills": null
    },
    {
        "id": 53,
        "skill": "Microsoft Sharepoint Development",
        "jobHasSkills": null,
        "skillType": null,
        "userHasSkills": null,
        "industryHasSkills": null
    },
    {
        "id": 54,
        "skill": "Microsoft Silverlight",
        "jobHasSkills": null,
        "skillType": null,
        "userHasSkills": null,
        "industryHasSkills": null
    },
    {
        "id": 55,
        "skill": "Microsoft Visual Studio",
        "jobHasSkills": null,
        "skillType": null,
        "userHasSkills": null,
        "industryHasSkills": null
    },
    {
        "id": 56,
        "skill": "Microsoft Windows Server",
        "jobHasSkills": null,
        "skillType": null,
        "userHasSkills": null,
        "industryHasSkills": null
    },
    {
        "id": 57,
        "skill": "Mobile Programming",
        "jobHasSkills": null,
        "skillType": null,
        "userHasSkills": null,
        "industryHasSkills": null
    },
    {
        "id": 58,
        "skill": "MySQL Programming",
        "jobHasSkills": null,
        "skillType": null,
        "userHasSkills": null,
        "industryHasSkills": null
    },
    {
        "id": 59,
        "skill": "MySpace Development",
        "jobHasSkills": null,
        "skillType": null,
        "userHasSkills": null,
        "industryHasSkills": null
    },
    {
        "id": 60,
        "skill": "Network Administration",
        "jobHasSkills": null,
        "skillType": null,
        "userHasSkills": null,
        "industryHasSkills": null
    },
    {
        "id": 61,
        "skill": "MySQL Administration",
        "jobHasSkills": null,
        "skillType": null,
        "userHasSkills": null,
        "industryHasSkills": null
    },
    {
        "id": 62,
        "skill": "Microsoft SQL Server Administration",
        "jobHasSkills": null,
        "skillType": null,
        "userHasSkills": null,
        "industryHasSkills": null
    },
    {
        "id": 63,
        "skill": "Network Analysis",
        "jobHasSkills": null,
        "skillType": null,
        "userHasSkills": null,
        "industryHasSkills": null
    },
    {
        "id": 64,
        "skill": "Network Design",
        "jobHasSkills": null,
        "skillType": null,
        "userHasSkills": null,
        "industryHasSkills": null
    },
    {
        "id": 65,
        "skill": "Network Engineering",
        "jobHasSkills": null,
        "skillType": null,
        "userHasSkills": null,
        "industryHasSkills": null
    },
    {
        "id": 66,
        "skill": "Network Programming",
        "jobHasSkills": null,
        "skillType": null,
        "userHasSkills": null,
        "industryHasSkills": null
    },
    {
        "id": 67,
        "skill": "Network Security",
        "jobHasSkills": null,
        "skillType": null,
        "userHasSkills": null,
        "industryHasSkills": null
    },
    {
        "id": 68,
        "skill": "Ning Development",
        "jobHasSkills": null,
        "skillType": null,
        "userHasSkills": null,
        "industryHasSkills": null
    },
    {
        "id": 69,
        "skill": "Objective-C",
        "jobHasSkills": null,
        "skillType": null,
        "userHasSkills": null,
        "industryHasSkills": null
    },
    {
        "id": 70,
        "skill": "OOPS",
        "jobHasSkills": null,
        "skillType": null,
        "userHasSkills": null,
        "industryHasSkills": null
    },
    {
        "id": 71,
        "skill": "OpenGL",
        "jobHasSkills": null,
        "skillType": null,
        "userHasSkills": null,
        "industryHasSkills": null
    },
    {
        "id": 72,
        "skill": "OpenSocial",
        "jobHasSkills": null,
        "skillType": null,
        "userHasSkills": null,
        "industryHasSkills": null
    },
    {
        "id": 73,
        "skill": "OpenTok Development",
        "jobHasSkills": null,
        "skillType": null,
        "userHasSkills": null,
        "industryHasSkills": null
    },
    {
        "id": 74,
        "skill": "racle 11g Administration",
        "jobHasSkills": null,
        "skillType": null,
        "userHasSkills": null,
        "industryHasSkills": null
    },
    {
        "id": 75,
        "skill": "Oracle 11g Programming",
        "jobHasSkills": null,
        "skillType": null,
        "userHasSkills": null,
        "industryHasSkills": null
    },
    {
        "id": 76,
        "skill": "Oracle Team Productivity Center",
        "jobHasSkills": null,
        "skillType": null,
        "userHasSkills": null,
        "industryHasSkills": null
    },
    {
        "id": 77,
        "skill": "PHP",
        "jobHasSkills": null,
        "skillType": null,
        "userHasSkills": null,
        "industryHasSkills": null
    },
    {
        "id": 78,
        "skill": "Perl",
        "jobHasSkills": null,
        "skillType": null,
        "userHasSkills": null,
        "industryHasSkills": null
    },
    {
        "id": 79,
        "skill": "PostgreSQL Administration",
        "jobHasSkills": null,
        "skillType": null,
        "userHasSkills": null,
        "industryHasSkills": null
    },
    {
        "id": 80,
        "skill": "PowerBuilder",
        "jobHasSkills": null,
        "skillType": null,
        "userHasSkills": null,
        "industryHasSkills": null
    },
    {
        "id": 81,
        "skill": "Prototype Javascript Framework",
        "jobHasSkills": null,
        "skillType": null,
        "userHasSkills": null,
        "industryHasSkills": null
    },
    {
        "id": 82,
        "skill": "Python",
        "jobHasSkills": null,
        "skillType": null,
        "userHasSkills": null,
        "industryHasSkills": null
    },
    {
        "id": 83,
        "skill": "QA Engineering",
        "jobHasSkills": null,
        "skillType": null,
        "userHasSkills": null,
        "industryHasSkills": null
    },
    {
        "id": 84,
        "skill": "QA Management",
        "jobHasSkills": null,
        "skillType": null,
        "userHasSkills": null,
        "industryHasSkills": null
    },
    {
        "id": 85,
        "skill": "QA Testing",
        "jobHasSkills": null,
        "skillType": null,
        "userHasSkills": null,
        "industryHasSkills": null
    },
    {
        "id": 86,
        "skill": "Red Hat",
        "jobHasSkills": null,
        "skillType": null,
        "userHasSkills": null,
        "industryHasSkills": null
    },
    {
        "id": 87,
        "skill": "Ruby on Rails",
        "jobHasSkills": null,
        "skillType": null,
        "userHasSkills": null,
        "industryHasSkills": null
    },
    {
        "id": 88,
        "skill": "SAP NetWeaver",
        "jobHasSkills": null,
        "skillType": null,
        "userHasSkills": null,
        "industryHasSkills": null
    },
    {
        "id": 89,
        "skill": "SAP Programming",
        "jobHasSkills": null,
        "skillType": null,
        "userHasSkills": null,
        "industryHasSkills": null
    },
    {
        "id": 90,
        "skill": "SAP Solution Manager",
        "jobHasSkills": null,
        "skillType": null,
        "userHasSkills": null,
        "industryHasSkills": null
    },
    {
        "id": 91,
        "skill": "SQL Programming",
        "jobHasSkills": null,
        "skillType": null,
        "userHasSkills": null,
        "industryHasSkills": null
    },
    {
        "id": 92,
        "skill": "SQLite Administration",
        "jobHasSkills": null,
        "skillType": null,
        "userHasSkills": null,
        "industryHasSkills": null
    },
    {
        "id": 93,
        "skill": "SQLite Programming",
        "jobHasSkills": null,
        "skillType": null,
        "userHasSkills": null,
        "industryHasSkills": null
    },
    {
        "id": 94,
        "skill": "Salesforce.com Development",
        "jobHasSkills": null,
        "skillType": null,
        "userHasSkills": null,
        "industryHasSkills": null
    },
    {
        "id": 95,
        "skill": "ScrumWorks",
        "jobHasSkills": null,
        "skillType": null,
        "userHasSkills": null,
        "industryHasSkills": null
    },
    {
        "id": 96,
        "skill": "Security Analysis",
        "jobHasSkills": null,
        "skillType": null,
        "userHasSkills": null,
        "industryHasSkills": null
    },
    {
        "id": 97,
        "skill": "Security Engineering",
        "jobHasSkills": null,
        "skillType": null,
        "userHasSkills": null,
        "industryHasSkills": null
    },
    {
        "id": 98,
        "skill": "Security Infrastructure",
        "jobHasSkills": null,
        "skillType": null,
        "userHasSkills": null,
        "industryHasSkills": null
    },
    {
        "id": 99,
        "skill": "Siebel Development",
        "jobHasSkills": null,
        "skillType": null,
        "userHasSkills": null,
        "industryHasSkills": null
    },
    {
        "id": 100,
        "skill": "Skype Development",
        "jobHasSkills": null,
        "skillType": null,
        "userHasSkills": null,
        "industryHasSkills": null
    },
    {
        "id": 101,
        "skill": "Symbian",
        "jobHasSkills": null,
        "skillType": null,
        "userHasSkills": null,
        "industryHasSkills": null
    },
    {
        "id": 102,
        "skill": "System Administration",
        "jobHasSkills": null,
        "skillType": null,
        "userHasSkills": null,
        "industryHasSkills": null
    },
    {
        "id": 103,
        "skill": "System Analysis",
        "jobHasSkills": null,
        "skillType": null,
        "userHasSkills": null,
        "industryHasSkills": null
    },
    {
        "id": 104,
        "skill": "System Programming",
        "jobHasSkills": null,
        "skillType": null,
        "userHasSkills": null,
        "industryHasSkills": null
    },
    {
        "id": 105,
        "skill": "TCP/IP",
        "jobHasSkills": null,
        "skillType": null,
        "userHasSkills": null,
        "industryHasSkills": null
    },
    {
        "id": 106,
        "skill": "Testing & QA",
        "jobHasSkills": null,
        "skillType": null,
        "userHasSkills": null,
        "industryHasSkills": null
    },
    {
        "id": 107,
        "skill": "Twilio Development",
        "jobHasSkills": null,
        "skillType": null,
        "userHasSkills": null,
        "industryHasSkills": null
    },
    {
        "id": 108,
        "skill": "Twitter Development",
        "jobHasSkills": null,
        "skillType": null,
        "userHasSkills": null,
        "industryHasSkills": null
    },
    {
        "id": 109,
        "skill": "Unix",
        "jobHasSkills": null,
        "skillType": null,
        "userHasSkills": null,
        "industryHasSkills": null
    },
    {
        "id": 110,
        "skill": "VB.NET",
        "jobHasSkills": null,
        "skillType": null,
        "userHasSkills": null,
        "industryHasSkills": null
    },
    {
        "id": 111,
        "skill": "VMWare",
        "jobHasSkills": null,
        "skillType": null,
        "userHasSkills": null,
        "industryHasSkills": null
    },
    {
        "id": 112,
        "skill": "Visual Basic",
        "jobHasSkills": null,
        "skillType": null,
        "userHasSkills": null,
        "industryHasSkills": null
    },
    {
        "id": 113,
        "skill": "WHMCS Development",
        "jobHasSkills": null,
        "skillType": null,
        "userHasSkills": null,
        "industryHasSkills": null
    },
    {
        "id": 114,
        "skill": "Web Development",
        "jobHasSkills": null,
        "skillType": null,
        "userHasSkills": null,
        "industryHasSkills": null
    },
    {
        "id": 115,
        "skill": "Web Hosting",
        "jobHasSkills": null,
        "skillType": null,
        "userHasSkills": null,
        "industryHasSkills": null
    },
    {
        "id": 116,
        "skill": "Web Programming",
        "jobHasSkills": null,
        "skillType": null,
        "userHasSkills": null,
        "industryHasSkills": null
    },
    {
        "id": 117,
        "skill": "Web Services",
        "jobHasSkills": null,
        "skillType": null,
        "userHasSkills": null,
        "industryHasSkills": null
    },
    {
        "id": 118,
        "skill": "WebSphere",
        "jobHasSkills": null,
        "skillType": null,
        "userHasSkills": null,
        "industryHasSkills": null
    },
    {
        "id": 119,
        "skill": "Windows Mobile",
        "jobHasSkills": null,
        "skillType": null,
        "userHasSkills": null,
        "industryHasSkills": null
    },
    {
        "id": 120,
        "skill": "Windows Phone",
        "jobHasSkills": null,
        "skillType": null,
        "userHasSkills": null,
        "industryHasSkills": null
    },
    {
        "id": 121,
        "skill": "Windows Vista",
        "jobHasSkills": null,
        "skillType": null,
        "userHasSkills": null,
        "industryHasSkills": null
    },
    {
        "id": 122,
        "skill": "WordPress",
        "jobHasSkills": null,
        "skillType": null,
        "userHasSkills": null,
        "industryHasSkills": null
    },
    {
        "id": 123,
        "skill": "XHTML",
        "jobHasSkills": null,
        "skillType": null,
        "userHasSkills": null,
        "industryHasSkills": null
    },
    {
        "id": 124,
        "skill": "XML",
        "jobHasSkills": null,
        "skillType": null,
        "userHasSkills": null,
        "industryHasSkills": null
    },
    {
        "id": 125,
        "skill": "XSLT",
        "jobHasSkills": null,
        "skillType": null,
        "userHasSkills": null,
        "industryHasSkills": null
    },
    {
        "id": 126,
        "skill": "Xcode",
        "jobHasSkills": null,
        "skillType": null,
        "userHasSkills": null,
        "industryHasSkills": null
    },
    {
        "id": 127,
        "skill": "YUI Library",
        "jobHasSkills": null,
        "skillType": null,
        "userHasSkills": null,
        "industryHasSkills": null
    },
    {
        "id": 128,
        "skill": "Zend",
        "jobHasSkills": null,
        "skillType": null,
        "userHasSkills": null,
        "industryHasSkills": null
    },
    {
        "id": 129,
        "skill": "communication",
        "jobHasSkills": null,
        "skillType": null,
        "userHasSkills": null,
        "industryHasSkills": null
    },
    {
        "id": 132,
        "skill": "good communication",
        "jobHasSkills": null,
        "skillType": null,
        "userHasSkills": null,
        "industryHasSkills": null
    },
    {
        "id": 143,
        "skill": "Test1",
        "jobHasSkills": null,
        "skillType": null,
        "userHasSkills": null,
        "industryHasSkills": null
    },
    {
        "id": 144,
        "skill": "NewSkill",
        "jobHasSkills": null,
        "skillType": null,
        "userHasSkills": null,
        "industryHasSkills": null
    },
    {
        "id": 145,
        "skill": "Hindi",
        "jobHasSkills": null,
        "skillType": null,
        "userHasSkills": null,
        "industryHasSkills": null
    },
    {
        "id": 146,
        "skill": "NewOtherSkill",
        "jobHasSkills": null,
        "skillType": null,
        "userHasSkills": null,
        "industryHasSkills": null
    },
    {
        "id": 147,
        "skill": "Test4",
        "jobHasSkills": null,
        "skillType": null,
        "userHasSkills": null,
        "industryHasSkills": null
    }
]
