{
        "id": 447,
        "accountStatus": "INACTIVE",
        "activationToken": "ab64251336563577aa3877eacb94c",
        "alternateEmailId": "",
        "displayName": "MARY ROE",
        "emailId": "maryroe@yahoo.com",
        "firstName": "MARY ROE",
        "lastName": "SMITH",
        "memberSince": 1366237510000,
        "activationTokenExpiresOn": 1366669510000,
        "password": "eb8f7f332c4b1b925ae76d27af89e2f",
        "passwordReset": 0,
        "gender": "M",
        "dateOfBirth": 1366137000000,
        "referenceThrough": "",
        "basicProfileType": "3",
        "userContacts": [
            {
                "id": 20,
                "contactNumber": "",
                "contactType": "Phone",
                "userCompaniesId": 0,
                "user": null
            }
        ],
        "userHasAddresses": null,
        "country": {
            "id": 84,
            "countryName": "India",
            "addresses": null,
            "jobs": null,
            "users": null
        }
    }