<?xml version="1.0" encoding="UTF-8"?>
<mappings xmlns="http://dozer.sourceforge.net"
      xmlns:xsi="http://www.w3.org/2001/XMLSchema-instance"
      xsi:schemaLocation="http://dozer.sourceforge.net http://dozer.sourceforge.net/schema/beanmapping.xsd">
      <mapping wildcard="false" map-id="companybasic">
      	<class-a>com.eserve.marketplace.common.entity.Company</class-a>
      	<class-b>com.eserve.marketplace.common.dto.CompanyDTO</class-b>
      	<field>
      		<a>id</a>
      		<b>id</b>
      	</field>
      	<field>
      		<a>companyName</a>
      		<b>companyName</b>
      	</field>
      </mapping>
</mappings>
