<?xml version="1.0" encoding="UTF-8"?>
<mappings xmlns="http://dozer.sourceforge.net"
      xmlns:xsi="http://www.w3.org/2001/XMLSchema-instance"
      xsi:schemaLocation="http://dozer.sourceforge.net http://dozer.sourceforge.net/schema/beanmapping.xsd">
      <mapping map-id="cpvirtualto">
      	<class-a>com.eserve.marketplace.common.entity.ConsultantProfile</class-a>
      	<class-b>com.eserve.marketplace.common.dto.ConsultantProfileDTO</class-b>
      	<field-exclude>
      		<a>virtualAccount</a>
      		<b>virtualAccount</b>
      	</field-exclude>
      </mapping>
</mappings>
