<?xml version="1.0" encoding="UTF-8"?>
<mappings xmlns="http://dozer.sourceforge.net" xmlns:xsi="http://www.w3.org/2001/XMLSchema-instance"
	xsi:schemaLocation="http://dozer.sourceforge.net http://dozer.sourceforge.net/schema/beanmapping.xsd">
	
	<configuration>
		<custom-converters>
			<converter type="com.eserve.marketplace.common.dozer.converter.VirtualAccountConverter">
				<class-a>java.lang.Integer</class-a>
				<class-b>com.eserve.marketplace.common.entity.VirtualAccount</class-b>
			</converter>
			<converter type="com.eserve.marketplace.common.dozer.converter.UserConverter">
				<class-a>java.lang.Integer</class-a>
				<class-b>com.eserve.marketplace.common.entity.User</class-b>
			</converter>
      		<converter type="com.eserve.marketplace.common.dozer.converter.CompanyConverter">
      			<class-a>java.lang.Integer</class-a>
				<class-b>com.eserve.marketplace.common.entity.Company</class-b>
      		</converter>
      		<!-- <converter type="com.eserve.marketplace.common.dozer.converter.DisplayNameConverter">
      			<class-a>java.lang.String</class-a>
				<class-b>java.lang.String</class-b>
      		</converter> -->
		</custom-converters>
	</configuration>
	
	<!-- <mapping map-id="epto">
		<class-a>com.eserve.marketplace.common.entity.EmployeeProfile</class-a>
		<class-b>com.eserve.marketplace.common.dto.EmployeeProfileDTO</class-b>
		<field-exclude>
			<a>virtualAccount</a>
			<b>virtualAccount</b>
		</field-exclude>
		
		<field type="one-way">
			<a>virtualAccount.id</a>
			<b is-accessible="true">virtualAccountId</b>
		</field>
	</mapping>
	
	<mapping map-id="ep">
		<class-a>com.eserve.marketplace.common.dto.EmployeeProfileDTO</class-a>
		<class-b>com.eserve.marketplace.common.entity.EmployeeProfile</class-b>
		<field  custom-converter-id="virtualaccount">
			<a is-accessible="true">virtualAccountId</a>
			<b>virtualAccount</b>
		</field>
	</mapping> -->
</mappings>
