<?xml version="1.0" encoding="UTF-8"?>
<mappings xmlns="http://dozer.sourceforge.net"
      xmlns:xsi="http://www.w3.org/2001/XMLSchema-instance"
      xsi:schemaLocation="http://dozer.sourceforge.net http://dozer.sourceforge.net/schema/beanmapping.xsd">
      <mapping map-id="epto">
      	<class-a>com.eserve.marketplace.common.entity.EmployeeProfile</class-a>
      	<class-b>com.eserve.marketplace.common.dto.EmployeeProfileDTO</class-b>
      	<field map-id="virtualaccountid">
      		<a>virtualAccount</a>
      		<b>virtualAccount</b>
      	</field>
      </mapping>
      
      <mapping map-id="ep">
        <class-a>com.eserve.marketplace.common.dto.EmployeeProfileDTO</class-a>	
      	<class-b>com.eserve.marketplace.common.entity.EmployeeProfile</class-b>
      	<field custom-converter-id="virtualaccount">
      		<a>virtualAccount.id</a>
      		<b>virtualAccount</b>
      		<b-hint>com.eserve.marketplace.common.entity.VirtualAccount</b-hint>
      	</field>
      </mapping>
      
      <mapping map-id="epvirtualto">
      	<class-a>com.eserve.marketplace.common.entity.EmployeeProfile</class-a>
      	<class-b>com.eserve.marketplace.common.dto.EmployeeProfileDTO</class-b>
      	<field-exclude>
      		<a>virtualAccount</a>
      		<b>virtualAccount</b>
      	</field-exclude>
      </mapping>
      
</mappings>
 