<?xml version="1.0" encoding="UTF-8"?>
<mappings xmlns="http://dozer.sourceforge.net"
      xmlns:xsi="http://www.w3.org/2001/XMLSchema-instance"
      xsi:schemaLocation="http://dozer.sourceforge.net http://dozer.sourceforge.net/schema/beanmapping.xsd">
      <mapping map-id="pbpto">
      	<class-a>com.eserve.marketplace.common.entity.ProviderBusinessProfile</class-a>
      	<class-b>com.eserve.marketplace.common.dto.ProviderBusinessProfileDTO</class-b>
      	<field map-id="userid">
      		<a>user</a>
      		<b>user</b>
      		<b-hint>com.eserve.marketplace.common.dto.UserDTO</b-hint>
      	</field>
      </mapping>
      
      <mapping map-id="pbp">
      	<class-a>com.eserve.marketplace.common.dto.ProviderBusinessProfileDTO</class-a>
      	<class-b>com.eserve.marketplace.common.entity.ProviderBusinessProfile</class-b>
      	<field custom-converter-id="userconv">
      		<a>user.id</a>
      		<b>user</b>
      		<b-hint>com.eserve.marketplace.common.entity.User</b-hint>
      	</field>
      </mapping>
</mappings>
