<?xml version="1.0" encoding="UTF-8"?>
<mappings xmlns="http://dozer.sourceforge.net"
      xmlns:xsi="http://www.w3.org/2001/XMLSchema-instance"
      xsi:schemaLocation="http://dozer.sourceforge.net http://dozer.sourceforge.net/schema/beanmapping.xsd">
      
      <mapping map-id="uhito">
		<class-a>com.eserve.marketplace.common.entity.UserHasInvitation</class-a>
		<class-b>com.eserve.marketplace.common.dto.UserHasInvitationDTO</class-b>
		<field type="one-way">
			<a>user.id</a>
			<b is-accessible="true">userId</b>
		</field>
		<!-- <field type="one-way">
			<a>company.id</a>
			<b is-accessible="true">companyId</b>
		</field> -->
		<!-- <field>
			<a>emailSentTo</a>
			<b>emailSentTo</b>
		</field> -->
		<!-- <field custom-converter-id="displayconv">
			<a>emailSentTo</a>
			<b is-accessible="true">displayName</b>
		</field> -->
		
	</mapping>
	
	<mapping map-id="uhi">
		<class-a>com.eserve.marketplace.common.dto.UserHasInvitationDTO</class-a>
		<class-b>com.eserve.marketplace.common.entity.UserHasInvitation</class-b>
		<!-- <field custom-converter-id="userconv">
			<a is-accessible="true">userId</a>
			<b>user</b>
		</field> -->
		<!-- <field custom-converter-id="companyconv">
			<a is-accessible="true">companyId</a>
			<b>company</b>
		</field> -->
		
	</mapping>
</mappings>
