<?xml version="1.0" encoding="UTF-8"?>
<mappings xmlns="http://dozer.sourceforge.net" xmlns:xsi="http://www.w3.org/2001/XMLSchema-instance"
	xsi:schemaLocation="http://dozer.sourceforge.net http://dozer.sourceforge.net/schema/beanmapping.xsd">
	<mapping map-id="user">
		<class-a>com.eserve.marketplace.common.entity.User</class-a>
		<class-b>com.eserve.marketplace.common.dto.UserDTO</class-b>
		<field>
			<a>accountStatus</a>
			<b>accountStatus</b>
		</field>
	</mapping>
	
	
	<!-- <mapping wildcard="false" map-id="userdefault">
		<class-a>com.eserve.marketplace.common.entity.User</class-a>
		<class-b>com.eserve.marketplace.common.dto.UserDTO</class-b>
		<field>id</field>
		<field>id</field>
	</mapping> -->
	
	<mapping map-id="userex">
		<class-a>com.eserve.marketplace.common.entity.User</class-a>
		<class-b>com.eserve.marketplace.common.dto.UserDTO</class-b>
		<field-exclude>
			<a>userHasAddresses</a>
			<b>userHasAddresses</b>
		</field-exclude>

		<field-exclude>
			<a>userContacts</a>
			<b>userContacts</b>
		</field-exclude>
		<field-exclude>
			<a>password</a>
			<b>password</b>
		</field-exclude>
	</mapping>
	
	<mapping map-id="userid" wildcard="false">
		<class-a>com.eserve.marketplace.common.entity.User</class-a>
		<class-b>com.eserve.marketplace.common.dto.UserDTO</class-b>
		<field>
			<a>id</a>
			<b>id</b>
		</field>
	</mapping>
</mappings>
