<?xml version="1.0" encoding="UTF-8"?>
<mappings xmlns="http://dozer.sourceforge.net"
      xmlns:xsi="http://www.w3.org/2001/XMLSchema-instance"
      xsi:schemaLocation="http://dozer.sourceforge.net http://dozer.sourceforge.net/schema/beanmapping.xsd">
      
	<mapping  map-id="userhasskill">
      	<class-a>com.eserve.marketplace.common.entity.UserHasSkill</class-a>
      	<class-b>com.eserve.marketplace.common.dto.UserHasSkillDTO</class-b>
      	<field-exclude>
      		<a>user</a>
      		<b>user</b>
      	</field-exclude>
      	<field-exclude>
      		<a>skill</a>
      		<b>skill</b>
      	</field-exclude>
      	<field>
      		<a>user.id</a>
      		<b>userId</b>
      	</field>
      	<field>
      		<a>skill.id</a>
      		<b>skillId</b>
      	</field>
      	
      </mapping>
</mappings>
