[
 	{
    	"key":"ES_AM_R_001",
        "value":"Not Found",
        "description":""
    },
    {
    	"key":"ES_AM_PR_R_001",
        "value":"User has not invited with this activation token",
        "description":""
    },
    {
    	"key":"ES_AM_PR_R_002",
        "value":"Invitation has expired.",
        "description":""
    },
    {
    	"key":"ES_AM_PR_R_003",
        "value":"User invitation has already accepted.",
        "description":""
    },
    {
    	"key":"ES_AM_PR_R_004",
        "value":"Persistence error.",
        "description":""
    },
    {
    	"key":"ES_AM_PR_R_005",
        "value":"User not found.",
        "description":""
    },
    {
    	"key":"ES_AM_PR_R_006",
        "value":"No Result Found Exception.",
        "description":""
    },
    {
    	"key":"ES_AM_PR_R_007",
        "value":"Updation failed.",
        "description":""
    },
    {
    	"key":"ES_AM_PR_R_008",
        "value":"User has already registered with this email.",
        "description":""
    },
    {
    	"key":"ES_AM_PR_R_009",
        "value":"User invitation has expired.",
        "description":""
    },
    {
    	"key":"ES_AM_PR_R_010",
        "value":"User account has already activated successfully.",
        "description":""
    },
    {
    	"key":"ES_AM_PR_R_011",
        "value":"User has no skills.",
        "description":""
    },
    {
    	"key":"ES_AM_PR_R_012",
        "value":"Authentication failed.",
        "description":""
    },
    {
    	"key":"ES_AM_PR_R_013",
        "value":"User account closed by admin.",
        "description":""
    },
    {
    	"key":"ES_AM_PR_R_014",
        "value":"User is unique",
        "description":""
    },
    {
    	"key":"ES_AM_PR_R_015",
        "value":"",
        "description":""
    },
    {
    	"key":"ES_AM_PR_R_016",
        "value":"You have not registered to eserve, please register to eserve and click on the link sent to your mail to create profile.",
        "description":""
    },
    {
    	"key":"ES_AM_PR_R_017",
        "value":"Dozer mapping exception.",
        "description":""
    },
    {
    	"key":"ES_AM_W_001",
        "value":"User is unique",
        "description":""
    },
    {
    	"key":"ES_AM_PR_W_001",
        "value":"User account has not activated.",
        "description":""
    },
    {
    	"key":"ES_AM_PR_W_002",
        "value":"Profile creation failed.",
        "description":""
    },
    {
    	"key":"ES_AM_PR_W_003",
        "value":"User should not have more than one basic profile.",
        "description":""
    }
]