<!-- <atmosphere-handlers>
    RESTEasy
    <atmosphere-handler support-session="false"
                        context-root="/rest/*"
                        class-name="org.atmosphere.handler.ReflectorServletProcessor">
        <property name="servletClassName"  
              value="org.jboss.resteasy.plugins.server.servlet.HttpServletDispatcher"/>
    </atmosphere-handler>
    <atmosphere-handler context-root="/atmosphere/*" class-name="com.atmosphere.service.EserveAtmosphereServlet">
    </atmosphere-handler>
     <applicationConfig>
          <param-name>org.atmosphere.cpr.broadcaster.shareableThreadPool</param-name>
          <param-value>true</param-value>
      </applicationConfig>
</atmosphere-handlers> -->